-- phpMyAdmin SQL Dump
-- version 5.2.1
-- https://www.phpmyadmin.net/
--
-- Host: 127.0.0.1
-- Generation Time: Dec 08, 2024 at 11:52 PM
-- Server version: 10.4.32-MariaDB
-- PHP Version: 8.1.25

SET SQL_MODE = "NO_AUTO_VALUE_ON_ZERO";
START TRANSACTION;
SET time_zone = "+00:00";


/*!40101 SET @OLD_CHARACTER_SET_CLIENT=@@CHARACTER_SET_CLIENT */;
/*!40101 SET @OLD_CHARACTER_SET_RESULTS=@@CHARACTER_SET_RESULTS */;
/*!40101 SET @OLD_COLLATION_CONNECTION=@@COLLATION_CONNECTION */;
/*!40101 SET NAMES utf8mb4 */;

--
-- Database: `university_management`
--

-- --------------------------------------------------------

--
-- Table structure for table `admins`
--

CREATE TABLE `admins` (
  `id` int(11) NOT NULL,
  `name` varchar(255) NOT NULL,
  `email` varchar(255) NOT NULL,
  `password` varchar(255) NOT NULL,
  `address` text DEFAULT NULL,
  `phone_number` varchar(15) DEFAULT NULL
) ENGINE=InnoDB DEFAULT CHARSET=utf8mb4 COLLATE=utf8mb4_general_ci;

--
-- Dumping data for table `admins`
--

INSERT INTO `admins` (`id`, `name`, `email`, `password`, `address`, `phone_number`) VALUES
(1, 'Omar Khaled', 'omarkhaled1@gmail.com', '$2y$10$mGNWRx0TKr92bZEawxHJjOyxMjWdmXsnbI8shgylInkmLP9pVWj06', 'Tripoli - Mina', '00 000 000'),
(2, 'Mohamad Ahmad', 'moe@gmail.com', '$2y$10$iGgnVqdlKrxO00BjA8qEVeY8fboggsloQNJrvGifUfAl0FRTapomS', 'Tripoli - Abo samra', '00 000 000');

-- --------------------------------------------------------

--
-- Table structure for table `courses`
--

CREATE TABLE `courses` (
  `id` int(11) NOT NULL,
  `course_name` varchar(255) NOT NULL,
  `course_code` varchar(20) NOT NULL,
  `course_description` text DEFAULT NULL
) ENGINE=InnoDB DEFAULT CHARSET=utf8mb4 COLLATE=utf8mb4_general_ci;

--
-- Dumping data for table `courses`
--

INSERT INTO `courses` (`id`, `course_name`, `course_code`, `course_description`) VALUES
(1, 'machine learning', 'cs300', 'learn how to work with machine and AI'),
(2, 'web 2', 'cs305', 'building websites with PHP'),
(3, 'Statistics', 'cs104', 'learn how to use statistics in real life'),
(4, 'calculus', 'cs105', 'advance calculus solutions'),
(5, 'robotics', 'cs250', 'learn how to use arduino '),
(6, 'Data Struture ', 'cs310', 'learn the proper way to use DS with JAVA '),
(7, 'Mobile application', 'cs274', 'learn how to use andorid studio and code mobile app with JAVA');

-- --------------------------------------------------------

--
-- Table structure for table `enrollments`
--

CREATE TABLE `enrollments` (
  `id` int(11) NOT NULL,
  `student_id` int(11) DEFAULT NULL,
  `course_id` int(11) DEFAULT NULL,
  `enrollment_date` timestamp NOT NULL DEFAULT current_timestamp()
) ENGINE=InnoDB DEFAULT CHARSET=utf8mb4 COLLATE=utf8mb4_general_ci;

--
-- Dumping data for table `enrollments`
--

INSERT INTO `enrollments` (`id`, `student_id`, `course_id`, `enrollment_date`) VALUES
(8, 1, 5, '2024-12-07 22:00:00'),
(9, 1, 2, '2024-12-07 22:00:00'),
(10, 1, 4, '2024-12-07 22:00:00'),
(11, 2, 1, '2024-12-07 22:00:00'),
(12, 2, 2, '2024-12-07 22:00:00'),
(13, 3, 2, '2024-12-07 22:00:00'),
(14, 7, 3, '2024-12-07 22:00:00'),
(15, 7, 5, '2024-12-07 22:00:00'),
(16, 7, 6, '2024-12-07 22:00:00'),
(17, 8, 1, '2024-12-07 22:00:00'),
(18, 8, 2, '2024-12-07 22:00:00'),
(19, 8, 4, '2024-12-07 22:00:00'),
(20, 9, 6, '2024-12-07 22:00:00'),
(21, 9, 3, '2024-12-07 22:00:00'),
(22, 9, 3, '2024-12-07 22:00:00'),
(24, 1, 7, '2024-12-07 22:00:00');

-- --------------------------------------------------------

--
-- Table structure for table `students`
--

CREATE TABLE `students` (
  `id` int(11) NOT NULL,
  `name` varchar(255) NOT NULL,
  `email` varchar(255) NOT NULL,
  `password` varchar(255) NOT NULL,
  `address` text DEFAULT NULL,
  `phone_number` varchar(15) DEFAULT NULL,
  `course` varchar(100) DEFAULT NULL,
  `major` varchar(100) DEFAULT NULL,
  `profile_photo` longblob DEFAULT NULL
) ENGINE=InnoDB DEFAULT CHARSET=utf8mb4 COLLATE=utf8mb4_general_ci;

--
-- Dumping data for table `students`
--

INSERT INTO `students` (`id`, `name`, `email`, `password`, `address`, `phone_number`, `course`, `major`, `profile_photo`) VALUES
(1, 'Marwan Kanaan', 'mano@gmail.com', '$2y$10$mGNWRx0TKr92bZEawxHJjOyxMjWdmXsnbI8shgylInkmLP9pVWj06', 'Tripoli - tebeneh', '00 000 000', NULL, 'Computer science', 0x89504e470d0a1a0a0000000d4948445200000095000000940803000000ad209bd80000008a504c5445ffffffedededecececeeeeee070506efefeff1f1f1f0f0f0f2f2f2f5f5f5ebebebfdfdfdfcfcfcfbfbfbfafafa000000f4f4f4fefefef3f3f3f6f6f6f7f7f7f9f9f9f8f8f8cfcfcf484848979797e2e2e2434343c0c0c09d9d9d919191898989b6b6b6717171696969a5a5a53737371110101a1a1a2d2d2dd8d8d85e5e5e5555552121217979798181813182834000001adb49444154789cb59c8996a42c1285450a7043c12dabb3f6252b6b7dffd79b8800144d33bb7ae64c9f39dff1b76bca68e006015c4d38176592145c39dac4a65cdaa42456c024d129cb92a4260e296b810c39326692a4672c4f928eb12e4972c6fa24318c8d49d212339e0e48562789242ace749208ce813cb04a12c60530a57092292a1ba22a98c2a818c45311e3a86a1715714ccf45955254144fe0b9a8289e93a89490baacb8923510af35b1e62273acca813806b665d90b64278409cc85c8895d591a622b441f98093196a58ca8841a0285f2accbd2059294a59682d9b2568213852d07e1a9024721a4a5c0027bce5b5b769c1b626ecb1c69819db586f3dedad651f011036303b1f6ace0b19a58115d204008015aab123c253220f7e4d071d0b940c615741cc3010674432bfb7b27b2a9135bea3ee8441d28595a11cbc44a9ec2a851bc483c4b810f8718d214636005c6c05222c31818a781242806478870285288702c5288ad4f5388ad4b53882d4f5388cda429c4d6a6454fc4014f946931106b787a5a68620564450991b0c212311c787851301ce705774c901080259645016154c4ba2824865450480586541418525160484581211505865460485941c114188c2a20984410790121258c9816d86885272b0393d3cc5030f97fd220230d32d220bbac4118f455c56556575a28603d51574360abab1158557dc44e2943ccab2a0fecaaca105ba5fac02c70ac2a195179ca415702587926d66a05a31dc9125be350430a208e763b7018ed481938e298b73de32d103498d88e33529f2769909106d9682da4d021626d4b18e19a58114b5bc1c389a945e2382a7fafc1142281fe5073272a8e9d98fef71a5438cead12e942839020202ac854f01f1339125a4644c4dc25db42ee6e6ff7028713c7ace5d229e3984889d04a39111329b418642768b18890b5a07d305f418b796aa5785562a761be82a8d294d4e729ecac41156910c77cd175bbbbeb06ffdcdcef352a111bea1f3498920653d2608a8d96a64e7d9cc6396930751a64a44146f3209be7c162adc1617f7f73689a2bfcd334afb770479c765fbaa941b9a1412467a43e21660d52388994d9a0b540d64ab63532abf510087746958dc9ee091be92afc699adba49799d1ba9332d73a8f68a4ea025ba9fac04cca8952ca7162862128ba56140ecd3894cf0319e579ccea1cf339647895f4bb9b382408eaededb01b2959196aa89cc6b96bae8e9aaba7e61ad7290b3aced26807426e2fa101a167a4c2dcae28b70b7651838c34c8a5de7d4431e16573787b6bae9329916e6810e331bf9907312a4bf1441ad47a902000e82c4f554197294184ebc1ec9f173df775736cbebe9aaf03f4a1ee309d6a2c662a9d13a18cc93d21850a4aa7023b9198293e461ce83ee46c0801c60e5023d5960653d2604a1a14f5cb57080a07d6e7cbaed87f375f57cd57f3630aa7c19c34d89106fb4983d1a4acd25883e9acc182d108473af5412038dad9860665d060d9be7f4e0dd534d77f0a982a2092d7e608723cee230d52a9b0d2e0b8d4a03ad5a0101821293125164e8359968d75ad9083ccda0169867aa4ebe4f16b6ea79b5bc8b9a83bb8dd1c0e70ef7134758dba9b98214d26bbc036b00f84074e6c5b78482d2984984e83aeac497d71e30945e1c3dc799f3b4c5c58590d29dfdfe0fde606eb2b430d95537dd511b1b996f5d540aca94369b483fab05b61b467a208a3ddd55725a581a041bed660299fa7a4f976ab3a2a63302aa1c66f8aaa29ea8b1adc9c07ab4983500f27503f171b1a84ceca32b524749384e4791d1aeaf0a7eab3ac86fb905407f8db6e477fd5dc6bbc83dd679634d4a18e9042bb7a98d8071a489e743dd263c739846cd2a00874eab385fc33cd2ebb31c37910bbafa6c278c80fd4589f8a2ad29c94d89112571d1715c69312b1d1784aa39d9306d3b31a14ab7990ed5df735cd3d0886e2a15ad4ad4f8d0bb9d951e93e6b30fdbb069dfa04a98f5345baa14190413f8c59e0e8d997feb9cd6302770cdcc9da7c187ad39a61e8f29d6bac6f68b616efc7346de6d82dd97ab678c7c0af1ce8e14376421ced505bd04aa798d63b2c65c97583e2ff7aef68364cb15b8119ad71a016fdf0e39d4f1aec52ea44529fa14e6c4fd587eb1a20cc35a8c492ba15fa47e0c31d4b812104412e3383d0afcdd501c67382b3b3579feb3eb7ac78714df9d8ad1369ba51cc9c6a708e8acd1a9c33c338f6d0b2fdd82d698a2335c66315eeb44063da91aec771a061d73c0b338ed0712b9ac01c9905f613bb81387ad24326b638d4e6d11e6bf0959e7a37602d9a522d8adde73558a4fac975e11eae2f775fa4c174d6208d79c6a279d007725183c6a5ef870ae38934e8a2826edab9c6fa634f35486cd3530da6f55c85b228b6130de6b9e9fade20bb98e5273df42371777acfdcd3740525d9e6a8e116dc3943b32476d9fcc0b3240d2ee6c1a04137a97cc2bf44525dea3448f32036d7d83f34be525ea5ac6d0d66a4c156f02a2891e641af419546a33d6553540b0de2be07e5abe6da0885f128352bd12d2ec4dea9f061339152f74127ce51b14207bad9f99206bb2ec7b63e617d4b51bdee4768d32eef3a7fbf9b58b93e3eeefbe5fd531ac7bca76bea5c437f69b61f9e6f8f768898d104dc1cb08061e2548390b81e7dca6acf3414751f2bea69e5a568c6516aa5c169b4ff458310555af8675261b319d5dea5b4ebfa9206a91325e5844c728a4dc6519d6890a2c2b6c50e5ab3973e61559dfb73fa33d6a5acc3fb008d4efdb5c17e26880b7f11f620dde93cbb05f1ff38cd38712daa71b40fcf6efe8522099a48cea3dd6b90521635e75d7976b42f34584f1a74b5e885d1bed220f384bfb87755b0149419d2392a4aa7d08926f15d080bdc93a8ce6406c5d69981a212aba8a0a480b66b67e69efac5e5a30ca63693bbfb3d163248431c7db5f35ee39dbc5fb05d937efdd8b7eb079eb23f3bda8bf6f68ac27af733cef28422a5cdab1d2d819a97bf150cf18cb3dcfd38d520cd382ca5a87c85acecbc3ef5127bd99e9d695f947ffada6f8eaa5b6bb098e7413f3bb3a942664428d2a942f6c4a8a09271f589af526626375f58f73d27ee8ea19f31d33570f089f429c18a053b7aa2a11ac6b41dd2f4f375dbd103fb33a470ccb606694f26793a400735d75e7d91061969102a40df9cf7e3e51987d5733a5dcd38f6bc06a9307515324bd340c8dd18d571974d153275e5103ad10c6e6dd6dcca74b5cc596a303da990517d32ddac902d742eace8711d01ebf7d1b37784dbeffe999aee7481b09ac83364f9e07ee0aba0c51dae20886d6047ec71ed00d7b8d08b498fdde4b0bd0389f3a068c531d475d865fae414e0ce2f18ef2a5c386fec7e9006c5df7720230dfa5380745b831089d1aec4ba1e8206dd2ab5f51a7cf70bc623c6d3156734c8c5340f2e2ae4749e07373458e3125ac26a3d1057ee2683757a3fb8c6688a0aefc39dce13d6ec43ed463af4dfbe840ea50d19e0e0085d09eb7798ac7a5c244a5cc5670b8e9ee3c4211057f49b1a94b403d9faa5e8a3df1d5d6830f123fdb4168d3b918fd1caebaf1a54a71a64b10605e5073fb09ea9e304518555eab71f54f7096d356c6ffa71da7028d6abd4a8364e54a4bea0c13491520ebaa69dedc15129e3aeebc42d906f0ae8388d274ab5ee946ab5ee86173fa89e349e2b696d22b68af6b455d8d3ae75469411156ec5d4b89b1d280287ba5e9e869306199f76206ffd8241ae3498ec7c5037c3ea242eee3e31469b57db1a3c771237ed8b06da54f9b3099becfd9aaf9dd6836e50ed5f5d506fef389cfc723e5f6990b3783d38447b3213a73d191dad072bd4a0c6cd2c8d9448034a845c2635eead2957f91d9351ca4cd3ae1a52ffe01e0436a295d268da148dd869dc4f43424ad4758b871113d5e889fb6983633d4017d77a80409032d2209d4d547440eee641a848739f1bf625f36b2ed260854d7580365c9e02c4dbc81cbbcf083e2c35184e017ea141166b10b726ab94f68b604dfaee72c343b2d060f7e1835d1c3d2f34c8e663af8c8ebd241d34032b3a029b3448ba4b82fa820685507505a940ea4a73852e0bbaae1dfb575f039715b92caa1e5d164e0557cd8f6eab2ae7dc5495e13c070a8e8711c0b2ca04efabd2510a3e56a5f2144021c410c88572ac2b98e8309c85062192d56978fe675ab6c71a14d77e4f2d5f9f86cfddb7dabcfa37470ae7aaa2a82a6b21aa927c3b25f9764a18605e850f74bc3b6930f105fb1f1b1d784dc75e46b1598344886708541c578582c83de984820851696be974498a8ac4001a841c5721a567ef771aa182a974af644bcc4717ec4d9a293c57c203fa999042f38c8e08f1683ea45305bad3a43e48aa0232f7c4da13d4273452462771323a05200dd2f9e0b4d3b89c077fdced976efb1420171ba7009106d36d0dba5300773e1866408c272d4883056ab028e00e732afcc8498385f2f68ff73797c9da74f3e8d99c1c3d4b9a0d55a4415190060bd26041eaf34cb1ea83118529d5423e87d1556186b73ad02fdbdf76153491b523b14ff327df58d844c65a1c57d6c25cd3590b8dd35b9b11a159468b6bae01c9808208b5496d31ab2361e45b1851c8c28dab0d57188f1d2961d97e9f2c6ad1cc97cf37ed100e792f3952f83f6a507005c1a5a841541fb415436a60896cb34f3fde05c7b6629ebe9469ee9260bbda345f659c8f8150b50d16068fa3000a2e6a6bb9a7aa310d60384945c7ab65354805a9124f781dab6a544a02c3b21d56aba3505930c9685f12be315b75749e9b13d1a886569970b64b1c033305695307f29aa82904470a47fddd91220a37b0afdba52b2c8cac875fbbc24e34e85c61c5a62bac6438f4cba0be950675513f85fc1e693019991f59301bfec6fe7159833cd2208693d2a2a2f074a70002ebab94bc28489fdf5f3be70acb822becde85759d5f0a69e3341c393952349dc15511b79d99295fb9c2465f22ecfa683d68c20e249eaa9cefbea0c1b37ed16ad32f2ad0875932f26712b166a89059e59d995022b8bdf7dc06672631e4fd639194393fe7cc7406c88533933c9948e19c99823c991193923c991145590e8ef0d34499bcfa91d58aac9c2da3a6f68df563398584c46286e8428a02e38327163935d23b33357932abe0cc94e4cc5c69906fb8c27c267d1d56ce4c7f9603e16e6ad0fc4a83dbcecc691e9ca8432dcaa8fee489f9f41b2159e4ccc401efb3c3cd6225b81af059a4415791aa7955886bc0b027336d0ea5bf73661a5f7c7e0e7ae1cc64d2b9309a6ffd7f72669e9907694794d7afe14c207666c29aee25acebf3cbcecc4b1a3cefcc44eac00cb23f71e0de9939861134cac89929541efaf06d6f68d251a7d30d7932dd74b3e1cc1c3c4bf264923b3a383319915b72661285b5034cdc969c9940f6ec6be2c48e1c27687247db2e0b06838fa45b4cd00b6766f06796ce9909246726b00256c834383321905f6a30a95bdf58b05a5ebaa3cda30feba17245fb790d9e71856dcd83109c80ffb010434a442f2b56c896dcd1d04a0cbdac4cfbc67ac695a9c4c2cf957fbcff0e43ab4ba9f02317ebb2fc1b89031581e8626505b4950a84b6c2d3138b36226bc9419706f5054fe63977f4fecd0ff83a7247c3bc33f21bf71757fbb3e5f19606d3b506d3536726576177f49c33739a8c8b598302d78372e7e3bd51e3bf3b33a793382e220dd2fe957366226bdacbaaddfe15119663b0e08215d118e69704165f0a3d9919fa303b55bdf81db6e7bc55b9060dca4e93475a57e4c9f4cc02475d9127d3536108559691479ac249604548a35dd368d794ee6bee298898cf71ccfb49bad9b5d87d4c60f7919155fff8b01e6cf067725aa8b279b3884a77eb882edf84dcd144988c61c94fbe689c5efed11d6d9f421f62f77161825f7470e73954c5ffd515b6e98e6e571a844259c1545d51cd00153b5108113862e5805b1f30f0844f02f71613a93065d541fd00c933dbfb99a779817f9ddb0681e489fea332a9255e67b8f581758223d4ed5021d4440d54480884c2116b6766b27266c6eee8a20cf3cb2ec3c5e9c8e60da2b02589fb246e1e34d938eeee7ebe7f1ef7fee0f2ac3bdaedf2c51adc7266ce1a5c9e0cb6b54f5ad77b65a6779768396f4332bd7ac4145a41f2787cfa228b6973f87ecfd9450d7a5f74e4cc74bee8ccb9a3690fd9b31d487db5276e3f5a5fc237df495ed71d5af8c81d5deb7cb88b5a6bd8dd3d9333d88db6e6ed56f7b5c64dc89adcd1815266235e67ce238dee68e4da99a9a393b89a797774f048439aa21dede6edab792c05a6acd89979ef63787bf93e7a7ff7e1eacac7f558f3d5499c75bb1fe4cc74bee8529d3a3337dcd18c3448a7127e5f94b7d0066f5f5757c7f72c7acd843ab17a0a4d337ba9e7b05e7ab67666ba3d19b1e58eae6bdcbfaa71b74ae0eeb1541321bbe9ba9f893b57263f1cbe0ec743735459ab6b772890bba43a7c8760e63fcd64397dc0ae218f34ee568d6effaa863bb8934c7b59480a479e3a3313ef0a731af4abc2e9cc6b681f0f57cd01bae80767c3e5266df5d12c036a9aeba74308eb3ee3b13313294883179c99973458cc56a23aedfe346f47987c2063faee9b8f96cae7268ae9e6fbb1aac6d0b15082c1aa6aa94141f5e7397734faa2039d2f3a661fb3cdcb9bc301e663c85a15faa8f1e82db0cf3eb0c7b0915eef76581f19f891e0666e3e648d1e69ef8e1ed11d6d26a7b40c74eee833ce4c24a795ceca99a9c39af96db772476319f3838df4f4b8b74938776e93bb90228e7bb93e7d3eefccf4eee8c823cd363508d53256a1ed6d385beaf5e26c02e7e571f7088d542df645f3c7d05aaffb6cd220cc7d2b9f4cc80c3c19063c451db7998d4337134d93f93074320919f353b6d0adfe70dc33ef46bd381c07dadbb730e677d58867a6fd309a16e9aef144d5b3872e860969d31d5d92e21c83069d85956c0321353d63451ad906ce3933bb5d68adb7dbdeabcf793f220df2530dae9d99a71a8ca2aa7bef32c7fc70ce9919bba3d3ce1fde619aef28bd5f74473bbf083a85c8eeb3c5c982924f76947eef8b75588a91f9243f61644141534ae53582693e81ee33d0d3f0d836a2e97c20e3df35c8620d8ac9fbb13f4c614deee84bce4c298b8f39cd9f7166a69133f3d41dcd4e3418f9645c3a4d9c118afee91beee8d827e36b51a59e4358dfc65e7666a269165af022c3cfe474ed69437e80fa934c62f909bd790c4a52629f3fe0bb2998803fb21a7f65decf8c1e6856a35dccaeb07906ac9868b7fc57e19c1e0d0f67ed73ccf9af68ab56e40f57c7232689e6b3502b77f4af9c99c44983533c715453daa24ebce8cc74ae305897bc345f2eac9b7d72c11ddd759b2ec9dc33cfbd91d27b2bf3995d57fe0961fd29bbc890d99d65675f9ae3d155d96a38fb93a7ee6816dec2d66ecc4b5a150a99addcd164ed9bc27af89d073253c3ede1ebe0529dfcb5333368708e8a366e6aa5b2b53313936af510c2fa2e87bff945c99959243bbf43d7bcb3b35151a3e7664d33117ad019620db6ad71cc3d3bfd672a53583ddf5f32fc62fc3dd0efefbee678b0278f75ec2e8cf669c6a9b86a9763de3b33a98cb90b61c1f85d34d4c9ee87528a7cc8b99b7d9a9b4d67268f9c99ecc499196506be9d1946b4d726f6258475dc25ec923b5a31e57647bd77feb576deb0f4d41ddd2f5e40d8e6b87a3dc133774ca6eae9ea450f399969179c5e4fa06bd4eea33b1ede8fcbb722c203f3f3eee89962db99994eebc1db7921330ce7df05985c58feed87576e2f3933bd068ba53bda471557c84b67e6dc895e569885def34b99c1d5c6deaeff99af2b641f08a3f7bcc63e9bd965ad711cfd753e710c5cbe0a6492fdf456dfd76d92d3cb416da07faf845eff0166359eef1fe87436737796c44ae6ac06f145fe2aec43c6aeb0f5e735dc52e269ee45969db8a3059f3cd2c629f0d07c651bce4c3fe32c9d9951858ccf5d56c8d1fb8351f7b90a7954f75358d7efc3b87afd93f1c999d9def89f7bb9e08e86d544db662734f4521eac14f0ad2e60e66996cc1d719591dcce6fd6fec9c7f905bd9c5ebe836b5c357445a8947f9236c315c49af49ed7b606dd5be1beea9bf6644edcd18b4e2cdf5fa7e67adef773278ad91dddf310d467d7fec61d1d39337d3c69b44a2dbc06a79338a7c491bad2bf04aa4cf4ceef8b099de8f6455d4e78f7ed8927fe979c996e454fef3b8fb8b7865b31d089f8d2e3805b31133bc793d763e71763075d3fce617dbe57e3fc8e33b1dc8515c5d77b37dd770f5f70c39959cccecc2addd0e0996fa450c1d0ed3fe6b8be0b2c126625e693208efb7cc399c94f9d99d3ce0cba53ecaa165da86fee384aecd39e0c6d35c8ec6eda526b5e5f928e0c87340ff229791cdfe72af4b416ad227774207610309b9cd2d2b30dec024d602eb3e9a5f52e995fbdff6aae6f138b9da8cb71eedc9bfd30b9a3d1413dd0b57bd9bade76479333536dec7e5cd460bcf26a956faeafafb7e6f0b4af245477fb29d4e6733f463b90f257ee68568473f089fcc41d3d7fa7889c992b77f498e0e8c22f38405830bc76c5fbcfbc13f9bd74472fd517348827bc9ace76754dc7ab35a773253cdbd563c49ebec013ce76e9484208a33df13311443c5152ad797c6bdee07fb87068de6ea24f3cbce0cbe99abeba83dfdbf1d78386d2d2914e97161a1419baa3d5e6778a561a34dbdf29f227714392dd37872fdc6d9e776ce1e26687551fed3dce1ae482ebb533d31f09902f1a0f6b4a3a2bacc8358a51598c4746f3f234a87a8aaa0b56c3d99949074cfdfb942482269b9f7cf648f3c81d4d9ecc40d4205921bd27932897ecd1171d4807858e90544d60bef8780b793233fc72c2ed6714177de2c104773479323d6bb4859e3a33bdfa54f46ef89953805983c3a906a34ecc05be9b3088c79b69941f1fcd0567265fee404eee68b75394a6b13b9a5c61b1062357d8e50f73f97713daf1e5c3edbbdfeddbb53b7a76859d689073a5cb3245564ca8aad4e839f4acd1f75b0e8ca39528227e66eafc47938c4066eed3495019e0f796f03365e8332cad88888edf92dc8681e8f82dcba53bfad2f7fa3634b8f11541d2a010fd54c690d63a578bfe9b3bda3b332d0bfeccd2923bda6a624d6ecc2122b4586bf1c35cc65a6831b47c2049831634c8478beee8de923bda26e4c9f4246726b9a391a226cb2a7959157959bd33133d99441538cac89919889eccc036f0dc47cc72ff11b3d92a43ce4cfcd24ee4ccc4afee4cd440f96b67e65283bffe5edf6f4ec38bb38e94c999c9ce39330bd260f16f1afc1f9d996cde62b3c492467b457b0e9a382d4ea7493914c6e73e2198aebf53448d26889c9a8e5386f76f9f110bf7fe0bad747ee70afbbd06cfb9a3ffd999a98233b3244f66159c9998af189a1e1d07160c90c17c859fc5030d729e97e48e267625baa381e88e2e2dda1802c99969c993e92904e62872665af264923b1af2153c1addd165ad1479321dc99349c4af6546ccc2673c571ff3ccc3c73ccdb665945c16c4e0ccd48eb0ac4667267d838e584bf11b0d2ebed7b73d0ffe2feee85983e5e29b99275e35fd972f7922c7df7d2476d8fa7e0bf9762cf97662bfe81cd57f0084b3eee5e6f9f8eb0000000049454e44ae426082),
(2, 'Achraf Najjar', 'chafo@gmail.com', '$2y$10$/HGdfwLbn/ttMRmKtbUVee8Vi3mDGxMrcmutKB4JfEn4a7mRbfYqW', 'Tripoli - baddawi', '81 345 876', NULL, 'information technology', NULL),
(3, 'Ahmad Karim', 'ak@gmail.com', '$2y$10$9oe97TzASipnKlJG9epka.nGQmH3REjkB/z36gDjiiFwb3prtOnAK', 'Tripoli - Abo samra', '81 000 957', NULL, 'Business', NULL),
(7, 'Samir Samkara', 'samkara@gmail.com', '$2y$10$RyHrbRrjHyYLYhqE7r.C0uyv3MR/mxWisgPTW5eSkVqc4V8TzNy5y', 'Tripoli - baddawi', '03 489 548', NULL, 'cs', NULL),
(8, 'Adham al Raei', 'adham@gmail.com', '$2y$10$7fJ5M944.486G/E9BuPs1.2rG2XLXPE6LRcp.AvXwRBDUtGtPHs.y', 'Tripoli - baddawi', '81 649 831', NULL, 'Business', NULL),
(9, 'jad hasan', 'jad@gmail.com', '$2y$10$MwOYtuiCHqQTDZw9wo2X4eHpvcQEhFEtgk0gDV9TW3ue63uHZxmbm', 'Beirut - Hamra', '03 948 679', NULL, 'Business', NULL);

--
-- Indexes for dumped tables
--

--
-- Indexes for table `admins`
--
ALTER TABLE `admins`
  ADD PRIMARY KEY (`id`),
  ADD UNIQUE KEY `email` (`email`);

--
-- Indexes for table `courses`
--
ALTER TABLE `courses`
  ADD PRIMARY KEY (`id`),
  ADD UNIQUE KEY `course_code` (`course_code`);

--
-- Indexes for table `enrollments`
--
ALTER TABLE `enrollments`
  ADD PRIMARY KEY (`id`),
  ADD KEY `student_id` (`student_id`),
  ADD KEY `course_id` (`course_id`);

--
-- Indexes for table `students`
--
ALTER TABLE `students`
  ADD PRIMARY KEY (`id`),
  ADD UNIQUE KEY `email` (`email`);

--
-- AUTO_INCREMENT for dumped tables
--

--
-- AUTO_INCREMENT for table `admins`
--
ALTER TABLE `admins`
  MODIFY `id` int(11) NOT NULL AUTO_INCREMENT, AUTO_INCREMENT=3;

--
-- AUTO_INCREMENT for table `courses`
--
ALTER TABLE `courses`
  MODIFY `id` int(11) NOT NULL AUTO_INCREMENT, AUTO_INCREMENT=8;

--
-- AUTO_INCREMENT for table `enrollments`
--
ALTER TABLE `enrollments`
  MODIFY `id` int(11) NOT NULL AUTO_INCREMENT, AUTO_INCREMENT=25;

--
-- AUTO_INCREMENT for table `students`
--
ALTER TABLE `students`
  MODIFY `id` int(11) NOT NULL AUTO_INCREMENT, AUTO_INCREMENT=10;

--
-- Constraints for dumped tables
--

--
-- Constraints for table `enrollments`
--
ALTER TABLE `enrollments`
  ADD CONSTRAINT `enrollments_ibfk_1` FOREIGN KEY (`student_id`) REFERENCES `students` (`id`),
  ADD CONSTRAINT `enrollments_ibfk_2` FOREIGN KEY (`course_id`) REFERENCES `courses` (`id`);
COMMIT;

/*!40101 SET CHARACTER_SET_CLIENT=@OLD_CHARACTER_SET_CLIENT */;
/*!40101 SET CHARACTER_SET_RESULTS=@OLD_CHARACTER_SET_RESULTS */;
/*!40101 SET COLLATION_CONNECTION=@OLD_COLLATION_CONNECTION */;
